{"cameraMode":{"drawMode":0,"name":"Shaded","section":"Shading Mode"},"sceneLighting":true,"audioPlay":false,"sceneViewState":{"m_AlwaysRefresh":false,"showFog":true,"showSkybox":true,"showFlares":true,"showImageEffects":true,"showParticleSystems":true,"showVisualEffectGraphs":true,"m_FxEnabled":true},"in2DMode":false,"pivot":{"x":-3.6655960083007814,"y":9.218984603881836,"z":-4.243453502655029},"rotation":{"x":0.12292686849832535,"y":0.36997494101524355,"z":-0.04949474707245827,"w":0.9196280241012573},"size":0.8660253882408142,"orthographic":false}